"","species","site","season","count"
"1","1","1","1",NA
"2","2","1","1",NA
"3","1","2","1",NA
"4","2","2","1",NA
"5","1","3","1",NA
"6","2","3","1",NA
"7","1","4","1",NA
"8","2","4","1",NA
"9","1","5","1",NA
"10","2","5","1",NA
"11","1","6","1",NA
"12","2","6","1",NA
"13","1","7","1",NA
"14","2","7","1",NA
"15","1","8","1",NA
"16","2","8","1",NA
"17","1","9","1",NA
"18","2","9","1",NA
"19","1","10","1",NA
"20","2","10","1",NA
"21","1","11","1",NA
"22","2","11","1",NA
"23","1","12","1",NA
"24","2","12","1",NA
"25","1","13","1",NA
"26","2","13","1",NA
"27","1","14","1",NA
"28","2","14","1",NA
"29","1","15","1",NA
"30","2","15","1",NA
"31","1","16","1",NA
"32","2","16","1",NA
"33","1","17","1",NA
"34","2","17","1",NA
"35","1","18","1",NA
"36","2","18","1",NA
"37","1","19","1",NA
"38","2","19","1",NA
"39","1","20","1",NA
"40","2","20","1",NA
"41","1","21","1",NA
"42","2","21","1",NA
"43","1","22","1",NA
"44","2","22","1",NA
"45","1","23","1",NA
"46","2","23","1",NA
"47","1","24","1",NA
"48","2","24","1",NA
"49","1","25","1",NA
"50","2","25","1",NA
"51","1","26","1",NA
"52","2","26","1",NA
"53","1","27","1",NA
"54","2","27","1",NA
"55","1","28","1",NA
"56","2","28","1",NA
"57","1","29","1",NA
"58","2","29","1",NA
"59","1","30","1",NA
"60","2","30","1",NA
"61","1","31","1",NA
"62","2","31","1",NA
"63","1","32","1",NA
"64","2","32","1",NA
"65","1","33","1",NA
"66","2","33","1",NA
"67","1","34","1",NA
"68","2","34","1",NA
"69","1","35","1",NA
"70","2","35","1",NA
"71","1","36","1",NA
"72","2","36","1",NA
"73","1","37","1",NA
"74","2","37","1",NA
"75","1","38","1",NA
"76","2","38","1",NA
"77","1","39","1",NA
"78","2","39","1",NA
"79","1","40","1",NA
"80","2","40","1",NA
"81","1","41","1",NA
"82","2","41","1",NA
"83","1","42","1",NA
"84","2","42","1",NA
"85","1","43","1",NA
"86","2","43","1",NA
"87","1","44","1",NA
"88","2","44","1",NA
"89","1","45","1",NA
"90","2","45","1",NA
"91","1","46","1",NA
"92","2","46","1",NA
"93","1","47","1",NA
"94","2","47","1",NA
"95","1","48","1",NA
"96","2","48","1",NA
"97","1","49","1",NA
"98","2","49","1",NA
"99","1","50","1",NA
"100","2","50","1",NA
"101","1","51","1",NA
"102","2","51","1",NA
"103","1","52","1",NA
"104","2","52","1",NA
"105","1","53","1",NA
"106","2","53","1",NA
"107","1","54","1",NA
"108","2","54","1",NA
"109","1","55","1",NA
"110","2","55","1",NA
"111","1","56","1",NA
"112","2","56","1",NA
"113","1","57","1",NA
"114","2","57","1",NA
"115","1","58","1",NA
"116","2","58","1",NA
"117","1","59","1",NA
"118","2","59","1",NA
"119","1","60","1",NA
"120","2","60","1",NA
"121","1","61","1",NA
"122","2","61","1",NA
"123","1","62","1",NA
"124","2","62","1",NA
"125","1","63","1",NA
"126","2","63","1",NA
"127","1","64","1",NA
"128","2","64","1",NA
"129","1","65","1",NA
"130","2","65","1",NA
"131","1","66","1",NA
"132","2","66","1",NA
"133","1","67","1",NA
"134","2","67","1",NA
"135","1","68","1",NA
"136","2","68","1",NA
"137","1","69","1",NA
"138","2","69","1",NA
"139","1","70","1",NA
"140","2","70","1",NA
"141","1","71","1",NA
"142","2","71","1",NA
"143","1","72","1",NA
"144","2","72","1",NA
"145","1","73","1",NA
"146","2","73","1",NA
"147","1","74","1",NA
"148","2","74","1",NA
"149","1","75","1",NA
"150","2","75","1",NA
"151","1","76","1",NA
"152","2","76","1",NA
"153","1","77","1",NA
"154","2","77","1",NA
"155","1","78","1",NA
"156","2","78","1",NA
"157","1","79","1",NA
"158","2","79","1",NA
"159","1","80","1",NA
"160","2","80","1",NA
"161","1","81","1",NA
"162","2","81","1",NA
"163","1","82","1",NA
"164","2","82","1",NA
"165","1","83","1",NA
"166","2","83","1",NA
"167","1","84","1",NA
"168","2","84","1",NA
"169","1","85","1",NA
"170","2","85","1",NA
"171","1","86","1",NA
"172","2","86","1",NA
"173","1","87","1",NA
"174","2","87","1",NA
"175","1","88","1",NA
"176","2","88","1",NA
"177","1","89","1",NA
"178","2","89","1",NA
"179","1","90","1",NA
"180","2","90","1",NA
"181","1","91","1",NA
"182","2","91","1",NA
"183","1","92","1",NA
"184","2","92","1",NA
"185","1","93","1",NA
"186","2","93","1",NA
"187","1","94","1",NA
"188","2","94","1",NA
"189","1","95","1",NA
"190","2","95","1",NA
"191","1","96","1",NA
"192","2","96","1",NA
"193","1","97","1",NA
"194","2","97","1",NA
"195","1","98","1",NA
"196","2","98","1",NA
"197","1","99","1",NA
"198","2","99","1",NA
"199","1","100","1",NA
"200","2","100","1",NA
"201","1","101","1",NA
"202","2","101","1",NA
"203","1","102","1",NA
"204","2","102","1",NA
"205","1","103","1",NA
"206","2","103","1",NA
"207","1","1","2",NA
"208","2","1","2",NA
"209","1","2","2",NA
"210","2","2","2",NA
"211","1","3","2",NA
"212","2","3","2",NA
"213","1","4","2",NA
"214","2","4","2",NA
"215","1","5","2",NA
"216","2","5","2",NA
"217","1","6","2",NA
"218","2","6","2",NA
"219","1","7","2",NA
"220","2","7","2",NA
"221","1","8","2",NA
"222","2","8","2",NA
"223","1","9","2",NA
"224","2","9","2",NA
"225","1","10","2",NA
"226","2","10","2",NA
"227","1","11","2",NA
"228","2","11","2",NA
"229","1","12","2",NA
"230","2","12","2",NA
"231","1","13","2",NA
"232","2","13","2",NA
"233","1","14","2",NA
"234","2","14","2",NA
"235","1","15","2",NA
"236","2","15","2",NA
"237","1","16","2",NA
"238","2","16","2",NA
"239","1","17","2",NA
"240","2","17","2",NA
"241","1","18","2",NA
"242","2","18","2",NA
"243","1","19","2",NA
"244","2","19","2",NA
"245","1","20","2",NA
"246","2","20","2",NA
"247","1","21","2",NA
"248","2","21","2",NA
"249","1","22","2",NA
"250","2","22","2",NA
"251","1","23","2",NA
"252","2","23","2",NA
"253","1","24","2",NA
"254","2","24","2",NA
"255","1","25","2",NA
"256","2","25","2",NA
"257","1","26","2",NA
"258","2","26","2",NA
"259","1","27","2",NA
"260","2","27","2",NA
"261","1","28","2",NA
"262","2","28","2",NA
"263","1","29","2",NA
"264","2","29","2",NA
"265","1","30","2",NA
"266","2","30","2",NA
"267","1","31","2",NA
"268","2","31","2",NA
"269","1","32","2",NA
"270","2","32","2",NA
"271","1","33","2",NA
"272","2","33","2",NA
"273","1","34","2",NA
"274","2","34","2",NA
"275","1","35","2",NA
"276","2","35","2",NA
"277","1","36","2",NA
"278","2","36","2",NA
"279","1","37","2",NA
"280","2","37","2",NA
"281","1","38","2",NA
"282","2","38","2",NA
"283","1","39","2",NA
"284","2","39","2",NA
"285","1","40","2",NA
"286","2","40","2",NA
"287","1","41","2",NA
"288","2","41","2",NA
"289","1","42","2",NA
"290","2","42","2",NA
"291","1","43","2",NA
"292","2","43","2",NA
"293","1","44","2",NA
"294","2","44","2",NA
"295","1","45","2",NA
"296","2","45","2",NA
"297","1","46","2",NA
"298","2","46","2",NA
"299","1","47","2",NA
"300","2","47","2",NA
"301","1","48","2",NA
"302","2","48","2",NA
"303","1","49","2",NA
"304","2","49","2",NA
"305","1","50","2",NA
"306","2","50","2",NA
"307","1","51","2",NA
"308","2","51","2",NA
"309","1","52","2",NA
"310","2","52","2",NA
"311","1","53","2",NA
"312","2","53","2",NA
"313","1","54","2",NA
"314","2","54","2",NA
"315","1","55","2",NA
"316","2","55","2",NA
"317","1","56","2",NA
"318","2","56","2",NA
"319","1","57","2",NA
"320","2","57","2",NA
"321","1","58","2",NA
"322","2","58","2",NA
"323","1","59","2",NA
"324","2","59","2",NA
"325","1","60","2",NA
"326","2","60","2",NA
"327","1","61","2",NA
"328","2","61","2",NA
"329","1","62","2",NA
"330","2","62","2",NA
"331","1","63","2",NA
"332","2","63","2",NA
"333","1","64","2",NA
"334","2","64","2",NA
"335","1","65","2",NA
"336","2","65","2",NA
"337","1","66","2",NA
"338","2","66","2",NA
"339","1","67","2",NA
"340","2","67","2",NA
"341","1","68","2",NA
"342","2","68","2",NA
"343","1","69","2",NA
"344","2","69","2",NA
"345","1","70","2",NA
"346","2","70","2",NA
"347","1","71","2",NA
"348","2","71","2",NA
"349","1","72","2",NA
"350","2","72","2",NA
"351","1","73","2",NA
"352","2","73","2",NA
"353","1","74","2",NA
"354","2","74","2",NA
"355","1","75","2",NA
"356","2","75","2",NA
"357","1","76","2",NA
"358","2","76","2",NA
"359","1","77","2",NA
"360","2","77","2",NA
"361","1","78","2",NA
"362","2","78","2",NA
"363","1","79","2",NA
"364","2","79","2",NA
"365","1","80","2",NA
"366","2","80","2",NA
"367","1","81","2",NA
"368","2","81","2",NA
"369","1","82","2",NA
"370","2","82","2",NA
"371","1","83","2",NA
"372","2","83","2",NA
"373","1","84","2",NA
"374","2","84","2",NA
"375","1","85","2",NA
"376","2","85","2",NA
"377","1","86","2",NA
"378","2","86","2",NA
"379","1","87","2",NA
"380","2","87","2",NA
"381","1","88","2",NA
"382","2","88","2",NA
"383","1","89","2",NA
"384","2","89","2",NA
"385","1","90","2",NA
"386","2","90","2",NA
"387","1","91","2",NA
"388","2","91","2",NA
"389","1","92","2",NA
"390","2","92","2",NA
"391","1","93","2",NA
"392","2","93","2",NA
"393","1","94","2",NA
"394","2","94","2",NA
"395","1","95","2",NA
"396","2","95","2",NA
"397","1","96","2",NA
"398","2","96","2",NA
"399","1","97","2",NA
"400","2","97","2",NA
"401","1","98","2",NA
"402","2","98","2",NA
"403","1","99","2",NA
"404","2","99","2",NA
"405","1","100","2",NA
"406","2","100","2",NA
"407","1","101","2",NA
"408","2","101","2",NA
"409","1","102","2",NA
"410","2","102","2",NA
"411","1","103","2",NA
"412","2","103","2",NA
"413","1","1","3",NA
"414","2","1","3",NA
"415","1","2","3",NA
"416","2","2","3",NA
"417","1","3","3",NA
"418","2","3","3",NA
"419","1","4","3",NA
"420","2","4","3",NA
"421","1","5","3",NA
"422","2","5","3",NA
"423","1","6","3",NA
"424","2","6","3",NA
"425","1","7","3",NA
"426","2","7","3",NA
"427","1","8","3",NA
"428","2","8","3",NA
"429","1","9","3",NA
"430","2","9","3",NA
"431","1","10","3",13
"432","2","10","3",33
"433","1","11","3",NA
"434","2","11","3",NA
"435","1","12","3",NA
"436","2","12","3",NA
"437","1","13","3",NA
"438","2","13","3",NA
"439","1","14","3",NA
"440","2","14","3",NA
"441","1","15","3",NA
"442","2","15","3",NA
"443","1","16","3",NA
"444","2","16","3",NA
"445","1","17","3",NA
"446","2","17","3",NA
"447","1","18","3",12
"448","2","18","3",84
"449","1","19","3",NA
"450","2","19","3",NA
"451","1","20","3",16
"452","2","20","3",46
"453","1","21","3",12
"454","2","21","3",54
"455","1","22","3",NA
"456","2","22","3",NA
"457","1","23","3",NA
"458","2","23","3",NA
"459","1","24","3",NA
"460","2","24","3",NA
"461","1","25","3",1
"462","2","25","3",15
"463","1","26","3",1
"464","2","26","3",9
"465","1","27","3",NA
"466","2","27","3",NA
"467","1","28","3",NA
"468","2","28","3",NA
"469","1","29","3",0
"470","2","29","3",3
"471","1","30","3",NA
"472","2","30","3",NA
"473","1","31","3",NA
"474","2","31","3",NA
"475","1","32","3",NA
"476","2","32","3",NA
"477","1","33","3",12
"478","2","33","3",37
"479","1","34","3",NA
"480","2","34","3",NA
"481","1","35","3",NA
"482","2","35","3",NA
"483","1","36","3",NA
"484","2","36","3",NA
"485","1","37","3",NA
"486","2","37","3",NA
"487","1","38","3",NA
"488","2","38","3",NA
"489","1","39","3",NA
"490","2","39","3",NA
"491","1","40","3",NA
"492","2","40","3",NA
"493","1","41","3",NA
"494","2","41","3",NA
"495","1","42","3",NA
"496","2","42","3",NA
"497","1","43","3",NA
"498","2","43","3",NA
"499","1","44","3",NA
"500","2","44","3",NA
"501","1","45","3",NA
"502","2","45","3",NA
"503","1","46","3",NA
"504","2","46","3",NA
"505","1","47","3",1
"506","2","47","3",3
"507","1","48","3",NA
"508","2","48","3",NA
"509","1","49","3",NA
"510","2","49","3",NA
"511","1","50","3",NA
"512","2","50","3",NA
"513","1","51","3",NA
"514","2","51","3",NA
"515","1","52","3",2
"516","2","52","3",11
"517","1","53","3",NA
"518","2","53","3",NA
"519","1","54","3",NA
"520","2","54","3",NA
"521","1","55","3",1
"522","2","55","3",5
"523","1","56","3",36
"524","2","56","3",72
"525","1","57","3",NA
"526","2","57","3",NA
"527","1","58","3",3
"528","2","58","3",5
"529","1","59","3",NA
"530","2","59","3",NA
"531","1","60","3",NA
"532","2","60","3",NA
"533","1","61","3",NA
"534","2","61","3",NA
"535","1","62","3",NA
"536","2","62","3",NA
"537","1","63","3",NA
"538","2","63","3",NA
"539","1","64","3",3
"540","2","64","3",9
"541","1","65","3",NA
"542","2","65","3",NA
"543","1","66","3",NA
"544","2","66","3",NA
"545","1","67","3",0
"546","2","67","3",1
"547","1","68","3",NA
"548","2","68","3",NA
"549","1","69","3",1
"550","2","69","3",4
"551","1","70","3",1
"552","2","70","3",4
"553","1","71","3",0
"554","2","71","3",1
"555","1","72","3",1
"556","2","72","3",3
"557","1","73","3",NA
"558","2","73","3",NA
"559","1","74","3",NA
"560","2","74","3",NA
"561","1","75","3",NA
"562","2","75","3",NA
"563","1","76","3",NA
"564","2","76","3",NA
"565","1","77","3",NA
"566","2","77","3",NA
"567","1","78","3",NA
"568","2","78","3",NA
"569","1","79","3",NA
"570","2","79","3",NA
"571","1","80","3",NA
"572","2","80","3",NA
"573","1","81","3",NA
"574","2","81","3",NA
"575","1","82","3",NA
"576","2","82","3",NA
"577","1","83","3",13
"578","2","83","3",42
"579","1","84","3",NA
"580","2","84","3",NA
"581","1","85","3",NA
"582","2","85","3",NA
"583","1","86","3",NA
"584","2","86","3",NA
"585","1","87","3",NA
"586","2","87","3",NA
"587","1","88","3",NA
"588","2","88","3",NA
"589","1","89","3",6
"590","2","89","3",12
"591","1","90","3",5
"592","2","90","3",14
"593","1","91","3",9
"594","2","91","3",12
"595","1","92","3",NA
"596","2","92","3",NA
"597","1","93","3",2
"598","2","93","3",4
"599","1","94","3",2
"600","2","94","3",4
"601","1","95","3",0
"602","2","95","3",3
"603","1","96","3",3
"604","2","96","3",11
"605","1","97","3",6
"606","2","97","3",9
"607","1","98","3",NA
"608","2","98","3",NA
"609","1","99","3",10
"610","2","99","3",28
"611","1","100","3",5
"612","2","100","3",60
"613","1","101","3",NA
"614","2","101","3",NA
"615","1","102","3",NA
"616","2","102","3",NA
"617","1","103","3",NA
"618","2","103","3",NA
"619","1","1","4",NA
"620","2","1","4",NA
"621","1","2","4",NA
"622","2","2","4",NA
"623","1","3","4",NA
"624","2","3","4",NA
"625","1","4","4",NA
"626","2","4","4",NA
"627","1","5","4",NA
"628","2","5","4",NA
"629","1","6","4",NA
"630","2","6","4",NA
"631","1","7","4",NA
"632","2","7","4",NA
"633","1","8","4",NA
"634","2","8","4",NA
"635","1","9","4",NA
"636","2","9","4",NA
"637","1","10","4",1
"638","2","10","4",2
"639","1","11","4",NA
"640","2","11","4",NA
"641","1","12","4",NA
"642","2","12","4",NA
"643","1","13","4",NA
"644","2","13","4",NA
"645","1","14","4",NA
"646","2","14","4",NA
"647","1","15","4",NA
"648","2","15","4",NA
"649","1","16","4",8
"650","2","16","4",25
"651","1","17","4",NA
"652","2","17","4",NA
"653","1","18","4",5
"654","2","18","4",20
"655","1","19","4",0
"656","2","19","4",1
"657","1","20","4",26
"658","2","20","4",50
"659","1","21","4",2
"660","2","21","4",12
"661","1","22","4",NA
"662","2","22","4",NA
"663","1","23","4",NA
"664","2","23","4",NA
"665","1","24","4",NA
"666","2","24","4",NA
"667","1","25","4",1
"668","2","25","4",4
"669","1","26","4",2
"670","2","26","4",6
"671","1","27","4",NA
"672","2","27","4",NA
"673","1","28","4",NA
"674","2","28","4",NA
"675","1","29","4",3
"676","2","29","4",4
"677","1","30","4",NA
"678","2","30","4",NA
"679","1","31","4",1
"680","2","31","4",2
"681","1","32","4",NA
"682","2","32","4",NA
"683","1","33","4",5
"684","2","33","4",10
"685","1","34","4",4
"686","2","34","4",4
"687","1","35","4",NA
"688","2","35","4",NA
"689","1","36","4",NA
"690","2","36","4",NA
"691","1","37","4",NA
"692","2","37","4",NA
"693","1","38","4",NA
"694","2","38","4",NA
"695","1","39","4",NA
"696","2","39","4",NA
"697","1","40","4",NA
"698","2","40","4",NA
"699","1","41","4",NA
"700","2","41","4",NA
"701","1","42","4",NA
"702","2","42","4",NA
"703","1","43","4",NA
"704","2","43","4",NA
"705","1","44","4",NA
"706","2","44","4",NA
"707","1","45","4",NA
"708","2","45","4",NA
"709","1","46","4",NA
"710","2","46","4",NA
"711","1","47","4",1
"712","2","47","4",7
"713","1","48","4",NA
"714","2","48","4",NA
"715","1","49","4",NA
"716","2","49","4",NA
"717","1","50","4",NA
"718","2","50","4",NA
"719","1","51","4",NA
"720","2","51","4",NA
"721","1","52","4",NA
"722","2","52","4",NA
"723","1","53","4",NA
"724","2","53","4",NA
"725","1","54","4",NA
"726","2","54","4",NA
"727","1","55","4",0
"728","2","55","4",3
"729","1","56","4",23
"730","2","56","4",41
"731","1","57","4",NA
"732","2","57","4",NA
"733","1","58","4",3
"734","2","58","4",9
"735","1","59","4",NA
"736","2","59","4",NA
"737","1","60","4",NA
"738","2","60","4",NA
"739","1","61","4",NA
"740","2","61","4",NA
"741","1","62","4",NA
"742","2","62","4",NA
"743","1","63","4",NA
"744","2","63","4",NA
"745","1","64","4",0
"746","2","64","4",2
"747","1","65","4",NA
"748","2","65","4",NA
"749","1","66","4",NA
"750","2","66","4",NA
"751","1","67","4",1
"752","2","67","4",6
"753","1","68","4",NA
"754","2","68","4",NA
"755","1","69","4",3
"756","2","69","4",28
"757","1","70","4",1
"758","2","70","4",3
"759","1","71","4",1
"760","2","71","4",11
"761","1","72","4",5
"762","2","72","4",7
"763","1","73","4",NA
"764","2","73","4",NA
"765","1","74","4",NA
"766","2","74","4",NA
"767","1","75","4",NA
"768","2","75","4",NA
"769","1","76","4",NA
"770","2","76","4",NA
"771","1","77","4",NA
"772","2","77","4",NA
"773","1","78","4",NA
"774","2","78","4",NA
"775","1","79","4",NA
"776","2","79","4",NA
"777","1","80","4",NA
"778","2","80","4",NA
"779","1","81","4",NA
"780","2","81","4",NA
"781","1","82","4",NA
"782","2","82","4",NA
"783","1","83","4",5
"784","2","83","4",8
"785","1","84","4",NA
"786","2","84","4",NA
"787","1","85","4",NA
"788","2","85","4",NA
"789","1","86","4",NA
"790","2","86","4",NA
"791","1","87","4",10
"792","2","87","4",30
"793","1","88","4",30
"794","2","88","4",56
"795","1","89","4",0
"796","2","89","4",3
"797","1","90","4",1
"798","2","90","4",3
"799","1","91","4",0
"800","2","91","4",10
"801","1","92","4",3
"802","2","92","4",5
"803","1","93","4",2
"804","2","93","4",4
"805","1","94","4",1
"806","2","94","4",1
"807","1","95","4",0
"808","2","95","4",1
"809","1","96","4",NA
"810","2","96","4",NA
"811","1","97","4",1
"812","2","97","4",2
"813","1","98","4",NA
"814","2","98","4",NA
"815","1","99","4",1
"816","2","99","4",10
"817","1","100","4",2
"818","2","100","4",8
"819","1","101","4",NA
"820","2","101","4",NA
"821","1","102","4",NA
"822","2","102","4",NA
"823","1","103","4",7
"824","2","103","4",17
"825","1","1","5",NA
"826","2","1","5",NA
"827","1","2","5",NA
"828","2","2","5",NA
"829","1","3","5",NA
"830","2","3","5",NA
"831","1","4","5",NA
"832","2","4","5",NA
"833","1","5","5",NA
"834","2","5","5",NA
"835","1","6","5",NA
"836","2","6","5",NA
"837","1","7","5",NA
"838","2","7","5",NA
"839","1","8","5",NA
"840","2","8","5",NA
"841","1","9","5",NA
"842","2","9","5",NA
"843","1","10","5",4
"844","2","10","5",22
"845","1","11","5",NA
"846","2","11","5",NA
"847","1","12","5",NA
"848","2","12","5",NA
"849","1","13","5",0
"850","2","13","5",1
"851","1","14","5",NA
"852","2","14","5",NA
"853","1","15","5",NA
"854","2","15","5",NA
"855","1","16","5",27
"856","2","16","5",80
"857","1","17","5",NA
"858","2","17","5",NA
"859","1","18","5",6
"860","2","18","5",45
"861","1","19","5",1
"862","2","19","5",7
"863","1","20","5",16
"864","2","20","5",63
"865","1","21","5",9
"866","2","21","5",31
"867","1","22","5",NA
"868","2","22","5",NA
"869","1","23","5",NA
"870","2","23","5",NA
"871","1","24","5",NA
"872","2","24","5",NA
"873","1","25","5",1
"874","2","25","5",3
"875","1","26","5",3
"876","2","26","5",5
"877","1","27","5",NA
"878","2","27","5",NA
"879","1","28","5",1
"880","2","28","5",3
"881","1","29","5",24
"882","2","29","5",63
"883","1","30","5",NA
"884","2","30","5",NA
"885","1","31","5",0
"886","2","31","5",2
"887","1","32","5",NA
"888","2","32","5",NA
"889","1","33","5",5
"890","2","33","5",16
"891","1","34","5",1
"892","2","34","5",2
"893","1","35","5",NA
"894","2","35","5",NA
"895","1","36","5",NA
"896","2","36","5",NA
"897","1","37","5",NA
"898","2","37","5",NA
"899","1","38","5",NA
"900","2","38","5",NA
"901","1","39","5",NA
"902","2","39","5",NA
"903","1","40","5",NA
"904","2","40","5",NA
"905","1","41","5",NA
"906","2","41","5",NA
"907","1","42","5",NA
"908","2","42","5",NA
"909","1","43","5",NA
"910","2","43","5",NA
"911","1","44","5",NA
"912","2","44","5",NA
"913","1","45","5",NA
"914","2","45","5",NA
"915","1","46","5",NA
"916","2","46","5",NA
"917","1","47","5",4
"918","2","47","5",8
"919","1","48","5",NA
"920","2","48","5",NA
"921","1","49","5",NA
"922","2","49","5",NA
"923","1","50","5",NA
"924","2","50","5",NA
"925","1","51","5",NA
"926","2","51","5",NA
"927","1","52","5",1
"928","2","52","5",3
"929","1","53","5",NA
"930","2","53","5",NA
"931","1","54","5",1
"932","2","54","5",1
"933","1","55","5",NA
"934","2","55","5",NA
"935","1","56","5",34
"936","2","56","5",53
"937","1","57","5",NA
"938","2","57","5",NA
"939","1","58","5",8
"940","2","58","5",30
"941","1","59","5",NA
"942","2","59","5",NA
"943","1","60","5",NA
"944","2","60","5",NA
"945","1","61","5",NA
"946","2","61","5",NA
"947","1","62","5",NA
"948","2","62","5",NA
"949","1","63","5",NA
"950","2","63","5",NA
"951","1","64","5",NA
"952","2","64","5",NA
"953","1","65","5",NA
"954","2","65","5",NA
"955","1","66","5",NA
"956","2","66","5",NA
"957","1","67","5",4
"958","2","67","5",9
"959","1","68","5",NA
"960","2","68","5",NA
"961","1","69","5",2
"962","2","69","5",11
"963","1","70","5",16
"964","2","70","5",34
"965","1","71","5",3
"966","2","71","5",10
"967","1","72","5",4
"968","2","72","5",9
"969","1","73","5",NA
"970","2","73","5",NA
"971","1","74","5",NA
"972","2","74","5",NA
"973","1","75","5",NA
"974","2","75","5",NA
"975","1","76","5",NA
"976","2","76","5",NA
"977","1","77","5",NA
"978","2","77","5",NA
"979","1","78","5",NA
"980","2","78","5",NA
"981","1","79","5",NA
"982","2","79","5",NA
"983","1","80","5",NA
"984","2","80","5",NA
"985","1","81","5",NA
"986","2","81","5",NA
"987","1","82","5",NA
"988","2","82","5",NA
"989","1","83","5",0
"990","2","83","5",10
"991","1","84","5",NA
"992","2","84","5",NA
"993","1","85","5",NA
"994","2","85","5",NA
"995","1","86","5",NA
"996","2","86","5",NA
"997","1","87","5",1
"998","2","87","5",1
"999","1","88","5",164
"1000","2","88","5",422
"1001","1","89","5",NA
"1002","2","89","5",NA
"1003","1","90","5",1
"1004","2","90","5",5
"1005","1","91","5",1
"1006","2","91","5",1
"1007","1","92","5",NA
"1008","2","92","5",NA
"1009","1","93","5",4
"1010","2","93","5",7
"1011","1","94","5",0
"1012","2","94","5",3
"1013","1","95","5",9
"1014","2","95","5",16
"1015","1","96","5",9
"1016","2","96","5",47
"1017","1","97","5",4
"1018","2","97","5",9
"1019","1","98","5",NA
"1020","2","98","5",NA
"1021","1","99","5",8
"1022","2","99","5",40
"1023","1","100","5",3
"1024","2","100","5",31
"1025","1","101","5",NA
"1026","2","101","5",NA
"1027","1","102","5",NA
"1028","2","102","5",NA
"1029","1","103","5",1
"1030","2","103","5",5
"1031","1","1","6",NA
"1032","2","1","6",NA
"1033","1","2","6",NA
"1034","2","2","6",NA
"1035","1","3","6",NA
"1036","2","3","6",NA
"1037","1","4","6",NA
"1038","2","4","6",NA
"1039","1","5","6",NA
"1040","2","5","6",NA
"1041","1","6","6",NA
"1042","2","6","6",NA
"1043","1","7","6",NA
"1044","2","7","6",NA
"1045","1","8","6",NA
"1046","2","8","6",NA
"1047","1","9","6",NA
"1048","2","9","6",NA
"1049","1","10","6",1
"1050","2","10","6",11
"1051","1","11","6",NA
"1052","2","11","6",NA
"1053","1","12","6",NA
"1054","2","12","6",NA
"1055","1","13","6",NA
"1056","2","13","6",NA
"1057","1","14","6",NA
"1058","2","14","6",NA
"1059","1","15","6",NA
"1060","2","15","6",NA
"1061","1","16","6",20
"1062","2","16","6",43
"1063","1","17","6",NA
"1064","2","17","6",NA
"1065","1","18","6",10
"1066","2","18","6",42
"1067","1","19","6",3
"1068","2","19","6",4
"1069","1","20","6",4
"1070","2","20","6",10
"1071","1","21","6",1
"1072","2","21","6",4
"1073","1","22","6",NA
"1074","2","22","6",NA
"1075","1","23","6",NA
"1076","2","23","6",NA
"1077","1","24","6",NA
"1078","2","24","6",NA
"1079","1","25","6",2
"1080","2","25","6",31
"1081","1","26","6",NA
"1082","2","26","6",NA
"1083","1","27","6",NA
"1084","2","27","6",NA
"1085","1","28","6",NA
"1086","2","28","6",NA
"1087","1","29","6",8
"1088","2","29","6",31
"1089","1","30","6",NA
"1090","2","30","6",NA
"1091","1","31","6",NA
"1092","2","31","6",NA
"1093","1","32","6",NA
"1094","2","32","6",NA
"1095","1","33","6",1
"1096","2","33","6",16
"1097","1","34","6",NA
"1098","2","34","6",NA
"1099","1","35","6",NA
"1100","2","35","6",NA
"1101","1","36","6",NA
"1102","2","36","6",NA
"1103","1","37","6",NA
"1104","2","37","6",NA
"1105","1","38","6",NA
"1106","2","38","6",NA
"1107","1","39","6",NA
"1108","2","39","6",NA
"1109","1","40","6",NA
"1110","2","40","6",NA
"1111","1","41","6",NA
"1112","2","41","6",NA
"1113","1","42","6",NA
"1114","2","42","6",NA
"1115","1","43","6",NA
"1116","2","43","6",NA
"1117","1","44","6",NA
"1118","2","44","6",NA
"1119","1","45","6",NA
"1120","2","45","6",NA
"1121","1","46","6",NA
"1122","2","46","6",NA
"1123","1","47","6",16
"1124","2","47","6",19
"1125","1","48","6",NA
"1126","2","48","6",NA
"1127","1","49","6",NA
"1128","2","49","6",NA
"1129","1","50","6",NA
"1130","2","50","6",NA
"1131","1","51","6",NA
"1132","2","51","6",NA
"1133","1","52","6",NA
"1134","2","52","6",NA
"1135","1","53","6",NA
"1136","2","53","6",NA
"1137","1","54","6",NA
"1138","2","54","6",NA
"1139","1","55","6",NA
"1140","2","55","6",NA
"1141","1","56","6",31
"1142","2","56","6",52
"1143","1","57","6",NA
"1144","2","57","6",NA
"1145","1","58","6",5
"1146","2","58","6",36
"1147","1","59","6",NA
"1148","2","59","6",NA
"1149","1","60","6",NA
"1150","2","60","6",NA
"1151","1","61","6",NA
"1152","2","61","6",NA
"1153","1","62","6",NA
"1154","2","62","6",NA
"1155","1","63","6",NA
"1156","2","63","6",NA
"1157","1","64","6",NA
"1158","2","64","6",NA
"1159","1","65","6",NA
"1160","2","65","6",NA
"1161","1","66","6",NA
"1162","2","66","6",NA
"1163","1","67","6",NA
"1164","2","67","6",NA
"1165","1","68","6",NA
"1166","2","68","6",NA
"1167","1","69","6",NA
"1168","2","69","6",NA
"1169","1","70","6",2
"1170","2","70","6",15
"1171","1","71","6",0
"1172","2","71","6",1
"1173","1","72","6",NA
"1174","2","72","6",NA
"1175","1","73","6",NA
"1176","2","73","6",NA
"1177","1","74","6",NA
"1178","2","74","6",NA
"1179","1","75","6",NA
"1180","2","75","6",NA
"1181","1","76","6",NA
"1182","2","76","6",NA
"1183","1","77","6",NA
"1184","2","77","6",NA
"1185","1","78","6",NA
"1186","2","78","6",NA
"1187","1","79","6",NA
"1188","2","79","6",NA
"1189","1","80","6",NA
"1190","2","80","6",NA
"1191","1","81","6",NA
"1192","2","81","6",NA
"1193","1","82","6",NA
"1194","2","82","6",NA
"1195","1","83","6",1
"1196","2","83","6",6
"1197","1","84","6",NA
"1198","2","84","6",NA
"1199","1","85","6",NA
"1200","2","85","6",NA
"1201","1","86","6",NA
"1202","2","86","6",NA
"1203","1","87","6",NA
"1204","2","87","6",NA
"1205","1","88","6",40
"1206","2","88","6",87
"1207","1","89","6",NA
"1208","2","89","6",NA
"1209","1","90","6",NA
"1210","2","90","6",NA
"1211","1","91","6",0
"1212","2","91","6",1
"1213","1","92","6",13
"1214","2","92","6",25
"1215","1","93","6",5
"1216","2","93","6",19
"1217","1","94","6",0
"1218","2","94","6",3
"1219","1","95","6",6
"1220","2","95","6",11
"1221","1","96","6",17
"1222","2","96","6",43
"1223","1","97","6",2
"1224","2","97","6",2
"1225","1","98","6",NA
"1226","2","98","6",NA
"1227","1","99","6",NA
"1228","2","99","6",NA
"1229","1","100","6",1
"1230","2","100","6",4
"1231","1","101","6",NA
"1232","2","101","6",NA
"1233","1","102","6",NA
"1234","2","102","6",NA
"1235","1","103","6",3
"1236","2","103","6",9
"1237","1","1","7",NA
"1238","2","1","7",NA
"1239","1","2","7",NA
"1240","2","2","7",NA
"1241","1","3","7",NA
"1242","2","3","7",NA
"1243","1","4","7",NA
"1244","2","4","7",NA
"1245","1","5","7",NA
"1246","2","5","7",NA
"1247","1","6","7",NA
"1248","2","6","7",NA
"1249","1","7","7",NA
"1250","2","7","7",NA
"1251","1","8","7",NA
"1252","2","8","7",NA
"1253","1","9","7",NA
"1254","2","9","7",NA
"1255","1","10","7",2
"1256","2","10","7",14
"1257","1","11","7",NA
"1258","2","11","7",NA
"1259","1","12","7",NA
"1260","2","12","7",NA
"1261","1","13","7",NA
"1262","2","13","7",NA
"1263","1","14","7",1
"1264","2","14","7",1
"1265","1","15","7",NA
"1266","2","15","7",NA
"1267","1","16","7",7
"1268","2","16","7",24
"1269","1","17","7",NA
"1270","2","17","7",NA
"1271","1","18","7",2
"1272","2","18","7",7
"1273","1","19","7",2
"1274","2","19","7",6
"1275","1","20","7",14
"1276","2","20","7",34
"1277","1","21","7",7
"1278","2","21","7",18
"1279","1","22","7",NA
"1280","2","22","7",NA
"1281","1","23","7",NA
"1282","2","23","7",NA
"1283","1","24","7",NA
"1284","2","24","7",NA
"1285","1","25","7",3
"1286","2","25","7",17
"1287","1","26","7",1
"1288","2","26","7",18
"1289","1","27","7",NA
"1290","2","27","7",NA
"1291","1","28","7",4
"1292","2","28","7",5
"1293","1","29","7",5
"1294","2","29","7",9
"1295","1","30","7",NA
"1296","2","30","7",NA
"1297","1","31","7",0
"1298","2","31","7",5
"1299","1","32","7",NA
"1300","2","32","7",NA
"1301","1","33","7",1
"1302","2","33","7",7
"1303","1","34","7",NA
"1304","2","34","7",NA
"1305","1","35","7",NA
"1306","2","35","7",NA
"1307","1","36","7",NA
"1308","2","36","7",NA
"1309","1","37","7",NA
"1310","2","37","7",NA
"1311","1","38","7",NA
"1312","2","38","7",NA
"1313","1","39","7",NA
"1314","2","39","7",NA
"1315","1","40","7",NA
"1316","2","40","7",NA
"1317","1","41","7",NA
"1318","2","41","7",NA
"1319","1","42","7",NA
"1320","2","42","7",NA
"1321","1","43","7",NA
"1322","2","43","7",NA
"1323","1","44","7",NA
"1324","2","44","7",NA
"1325","1","45","7",NA
"1326","2","45","7",NA
"1327","1","46","7",NA
"1328","2","46","7",NA
"1329","1","47","7",7
"1330","2","47","7",12
"1331","1","48","7",NA
"1332","2","48","7",NA
"1333","1","49","7",NA
"1334","2","49","7",NA
"1335","1","50","7",NA
"1336","2","50","7",NA
"1337","1","51","7",NA
"1338","2","51","7",NA
"1339","1","52","7",0
"1340","2","52","7",1
"1341","1","53","7",NA
"1342","2","53","7",NA
"1343","1","54","7",NA
"1344","2","54","7",NA
"1345","1","55","7",NA
"1346","2","55","7",NA
"1347","1","56","7",5
"1348","2","56","7",9
"1349","1","57","7",NA
"1350","2","57","7",NA
"1351","1","58","7",4
"1352","2","58","7",14
"1353","1","59","7",NA
"1354","2","59","7",NA
"1355","1","60","7",NA
"1356","2","60","7",NA
"1357","1","61","7",NA
"1358","2","61","7",NA
"1359","1","62","7",NA
"1360","2","62","7",NA
"1361","1","63","7",1
"1362","2","63","7",3
"1363","1","64","7",NA
"1364","2","64","7",NA
"1365","1","65","7",NA
"1366","2","65","7",NA
"1367","1","66","7",NA
"1368","2","66","7",NA
"1369","1","67","7",2
"1370","2","67","7",5
"1371","1","68","7",NA
"1372","2","68","7",NA
"1373","1","69","7",4
"1374","2","69","7",8
"1375","1","70","7",3
"1376","2","70","7",4
"1377","1","71","7",6
"1378","2","71","7",11
"1379","1","72","7",NA
"1380","2","72","7",NA
"1381","1","73","7",NA
"1382","2","73","7",NA
"1383","1","74","7",NA
"1384","2","74","7",NA
"1385","1","75","7",NA
"1386","2","75","7",NA
"1387","1","76","7",NA
"1388","2","76","7",NA
"1389","1","77","7",NA
"1390","2","77","7",NA
"1391","1","78","7",NA
"1392","2","78","7",NA
"1393","1","79","7",NA
"1394","2","79","7",NA
"1395","1","80","7",NA
"1396","2","80","7",NA
"1397","1","81","7",NA
"1398","2","81","7",NA
"1399","1","82","7",NA
"1400","2","82","7",NA
"1401","1","83","7",7
"1402","2","83","7",30
"1403","1","84","7",NA
"1404","2","84","7",NA
"1405","1","85","7",NA
"1406","2","85","7",NA
"1407","1","86","7",NA
"1408","2","86","7",NA
"1409","1","87","7",NA
"1410","2","87","7",NA
"1411","1","88","7",12
"1412","2","88","7",44
"1413","1","89","7",NA
"1414","2","89","7",NA
"1415","1","90","7",3
"1416","2","90","7",5
"1417","1","91","7",4
"1418","2","91","7",6
"1419","1","92","7",6
"1420","2","92","7",14
"1421","1","93","7",8
"1422","2","93","7",20
"1423","1","94","7",1
"1424","2","94","7",3
"1425","1","95","7",1
"1426","2","95","7",2
"1427","1","96","7",3
"1428","2","96","7",13
"1429","1","97","7",11
"1430","2","97","7",20
"1431","1","98","7",NA
"1432","2","98","7",NA
"1433","1","99","7",7
"1434","2","99","7",14
"1435","1","100","7",11
"1436","2","100","7",19
"1437","1","101","7",17
"1438","2","101","7",37
"1439","1","102","7",NA
"1440","2","102","7",NA
"1441","1","103","7",0
"1442","2","103","7",1
"1443","1","1","8",NA
"1444","2","1","8",NA
"1445","1","2","8",NA
"1446","2","2","8",NA
"1447","1","3","8",NA
"1448","2","3","8",NA
"1449","1","4","8",NA
"1450","2","4","8",NA
"1451","1","5","8",NA
"1452","2","5","8",NA
"1453","1","6","8",NA
"1454","2","6","8",NA
"1455","1","7","8",NA
"1456","2","7","8",NA
"1457","1","8","8",NA
"1458","2","8","8",NA
"1459","1","9","8",NA
"1460","2","9","8",NA
"1461","1","10","8",8
"1462","2","10","8",13
"1463","1","11","8",NA
"1464","2","11","8",NA
"1465","1","12","8",NA
"1466","2","12","8",NA
"1467","1","13","8",NA
"1468","2","13","8",NA
"1469","1","14","8",NA
"1470","2","14","8",NA
"1471","1","15","8",NA
"1472","2","15","8",NA
"1473","1","16","8",8
"1474","2","16","8",27
"1475","1","17","8",NA
"1476","2","17","8",NA
"1477","1","18","8",5
"1478","2","18","8",23
"1479","1","19","8",0
"1480","2","19","8",1
"1481","1","20","8",121
"1482","2","20","8",170
"1483","1","21","8",3
"1484","2","21","8",9
"1485","1","22","8",NA
"1486","2","22","8",NA
"1487","1","23","8",NA
"1488","2","23","8",NA
"1489","1","24","8",NA
"1490","2","24","8",NA
"1491","1","25","8",8
"1492","2","25","8",17
"1493","1","26","8",5
"1494","2","26","8",8
"1495","1","27","8",NA
"1496","2","27","8",NA
"1497","1","28","8",0
"1498","2","28","8",4
"1499","1","29","8",1
"1500","2","29","8",13
"1501","1","30","8",NA
"1502","2","30","8",NA
"1503","1","31","8",0
"1504","2","31","8",2
"1505","1","32","8",NA
"1506","2","32","8",NA
"1507","1","33","8",2
"1508","2","33","8",12
"1509","1","34","8",NA
"1510","2","34","8",NA
"1511","1","35","8",NA
"1512","2","35","8",NA
"1513","1","36","8",NA
"1514","2","36","8",NA
"1515","1","37","8",NA
"1516","2","37","8",NA
"1517","1","38","8",NA
"1518","2","38","8",NA
"1519","1","39","8",NA
"1520","2","39","8",NA
"1521","1","40","8",NA
"1522","2","40","8",NA
"1523","1","41","8",NA
"1524","2","41","8",NA
"1525","1","42","8",NA
"1526","2","42","8",NA
"1527","1","43","8",NA
"1528","2","43","8",NA
"1529","1","44","8",NA
"1530","2","44","8",NA
"1531","1","45","8",NA
"1532","2","45","8",NA
"1533","1","46","8",NA
"1534","2","46","8",NA
"1535","1","47","8",20
"1536","2","47","8",28
"1537","1","48","8",NA
"1538","2","48","8",NA
"1539","1","49","8",1
"1540","2","49","8",1
"1541","1","50","8",NA
"1542","2","50","8",NA
"1543","1","51","8",NA
"1544","2","51","8",NA
"1545","1","52","8",2
"1546","2","52","8",2
"1547","1","53","8",NA
"1548","2","53","8",NA
"1549","1","54","8",2
"1550","2","54","8",3
"1551","1","55","8",NA
"1552","2","55","8",NA
"1553","1","56","8",24
"1554","2","56","8",51
"1555","1","57","8",NA
"1556","2","57","8",NA
"1557","1","58","8",3
"1558","2","58","8",12
"1559","1","59","8",NA
"1560","2","59","8",NA
"1561","1","60","8",NA
"1562","2","60","8",NA
"1563","1","61","8",NA
"1564","2","61","8",NA
"1565","1","62","8",NA
"1566","2","62","8",NA
"1567","1","63","8",NA
"1568","2","63","8",NA
"1569","1","64","8",NA
"1570","2","64","8",NA
"1571","1","65","8",NA
"1572","2","65","8",NA
"1573","1","66","8",NA
"1574","2","66","8",NA
"1575","1","67","8",3
"1576","2","67","8",11
"1577","1","68","8",NA
"1578","2","68","8",NA
"1579","1","69","8",2
"1580","2","69","8",9
"1581","1","70","8",2
"1582","2","70","8",3
"1583","1","71","8",11
"1584","2","71","8",22
"1585","1","72","8",NA
"1586","2","72","8",NA
"1587","1","73","8",NA
"1588","2","73","8",NA
"1589","1","74","8",NA
"1590","2","74","8",NA
"1591","1","75","8",NA
"1592","2","75","8",NA
"1593","1","76","8",NA
"1594","2","76","8",NA
"1595","1","77","8",NA
"1596","2","77","8",NA
"1597","1","78","8",NA
"1598","2","78","8",NA
"1599","1","79","8",NA
"1600","2","79","8",NA
"1601","1","80","8",NA
"1602","2","80","8",NA
"1603","1","81","8",NA
"1604","2","81","8",NA
"1605","1","82","8",NA
"1606","2","82","8",NA
"1607","1","83","8",22
"1608","2","83","8",43
"1609","1","84","8",NA
"1610","2","84","8",NA
"1611","1","85","8",NA
"1612","2","85","8",NA
"1613","1","86","8",NA
"1614","2","86","8",NA
"1615","1","87","8",NA
"1616","2","87","8",NA
"1617","1","88","8",10
"1618","2","88","8",32
"1619","1","89","8",6
"1620","2","89","8",13
"1621","1","90","8",20
"1622","2","90","8",34
"1623","1","91","8",2
"1624","2","91","8",4
"1625","1","92","8",9
"1626","2","92","8",21
"1627","1","93","8",0
"1628","2","93","8",1
"1629","1","94","8",2
"1630","2","94","8",12
"1631","1","95","8",1
"1632","2","95","8",5
"1633","1","96","8",2
"1634","2","96","8",7
"1635","1","97","8",11
"1636","2","97","8",26
"1637","1","98","8",1
"1638","2","98","8",1
"1639","1","99","8",NA
"1640","2","99","8",NA
"1641","1","100","8",1
"1642","2","100","8",2
"1643","1","101","8",13
"1644","2","101","8",42
"1645","1","102","8",0
"1646","2","102","8",2
"1647","1","103","8",0
"1648","2","103","8",4
"1649","1","1","9",NA
"1650","2","1","9",NA
"1651","1","2","9",NA
"1652","2","2","9",NA
"1653","1","3","9",NA
"1654","2","3","9",NA
"1655","1","4","9",NA
"1656","2","4","9",NA
"1657","1","5","9",NA
"1658","2","5","9",NA
"1659","1","6","9",NA
"1660","2","6","9",NA
"1661","1","7","9",NA
"1662","2","7","9",NA
"1663","1","8","9",NA
"1664","2","8","9",NA
"1665","1","9","9",NA
"1666","2","9","9",NA
"1667","1","10","9",9
"1668","2","10","9",19
"1669","1","11","9",NA
"1670","2","11","9",NA
"1671","1","12","9",NA
"1672","2","12","9",NA
"1673","1","13","9",NA
"1674","2","13","9",NA
"1675","1","14","9",NA
"1676","2","14","9",NA
"1677","1","15","9",NA
"1678","2","15","9",NA
"1679","1","16","9",10
"1680","2","16","9",27
"1681","1","17","9",NA
"1682","2","17","9",NA
"1683","1","18","9",3
"1684","2","18","9",24
"1685","1","19","9",NA
"1686","2","19","9",NA
"1687","1","20","9",16
"1688","2","20","9",36
"1689","1","21","9",10
"1690","2","21","9",15
"1691","1","22","9",NA
"1692","2","22","9",NA
"1693","1","23","9",NA
"1694","2","23","9",NA
"1695","1","24","9",NA
"1696","2","24","9",NA
"1697","1","25","9",5
"1698","2","25","9",11
"1699","1","26","9",NA
"1700","2","26","9",NA
"1701","1","27","9",NA
"1702","2","27","9",NA
"1703","1","28","9",NA
"1704","2","28","9",NA
"1705","1","29","9",8
"1706","2","29","9",21
"1707","1","30","9",NA
"1708","2","30","9",NA
"1709","1","31","9",NA
"1710","2","31","9",NA
"1711","1","32","9",NA
"1712","2","32","9",NA
"1713","1","33","9",1
"1714","2","33","9",3
"1715","1","34","9",NA
"1716","2","34","9",NA
"1717","1","35","9",NA
"1718","2","35","9",NA
"1719","1","36","9",NA
"1720","2","36","9",NA
"1721","1","37","9",NA
"1722","2","37","9",NA
"1723","1","38","9",NA
"1724","2","38","9",NA
"1725","1","39","9",NA
"1726","2","39","9",NA
"1727","1","40","9",NA
"1728","2","40","9",NA
"1729","1","41","9",NA
"1730","2","41","9",NA
"1731","1","42","9",NA
"1732","2","42","9",NA
"1733","1","43","9",NA
"1734","2","43","9",NA
"1735","1","44","9",NA
"1736","2","44","9",NA
"1737","1","45","9",NA
"1738","2","45","9",NA
"1739","1","46","9",NA
"1740","2","46","9",NA
"1741","1","47","9",6
"1742","2","47","9",11
"1743","1","48","9",NA
"1744","2","48","9",NA
"1745","1","49","9",NA
"1746","2","49","9",NA
"1747","1","50","9",NA
"1748","2","50","9",NA
"1749","1","51","9",NA
"1750","2","51","9",NA
"1751","1","52","9",3
"1752","2","52","9",17
"1753","1","53","9",NA
"1754","2","53","9",NA
"1755","1","54","9",NA
"1756","2","54","9",NA
"1757","1","55","9",4
"1758","2","55","9",8
"1759","1","56","9",11
"1760","2","56","9",38
"1761","1","57","9",NA
"1762","2","57","9",NA
"1763","1","58","9",0
"1764","2","58","9",20
"1765","1","59","9",NA
"1766","2","59","9",NA
"1767","1","60","9",NA
"1768","2","60","9",NA
"1769","1","61","9",NA
"1770","2","61","9",NA
"1771","1","62","9",NA
"1772","2","62","9",NA
"1773","1","63","9",NA
"1774","2","63","9",NA
"1775","1","64","9",NA
"1776","2","64","9",NA
"1777","1","65","9",NA
"1778","2","65","9",NA
"1779","1","66","9",NA
"1780","2","66","9",NA
"1781","1","67","9",1
"1782","2","67","9",1
"1783","1","68","9",NA
"1784","2","68","9",NA
"1785","1","69","9",2
"1786","2","69","9",2
"1787","1","70","9",NA
"1788","2","70","9",NA
"1789","1","71","9",1
"1790","2","71","9",2
"1791","1","72","9",1
"1792","2","72","9",2
"1793","1","73","9",NA
"1794","2","73","9",NA
"1795","1","74","9",NA
"1796","2","74","9",NA
"1797","1","75","9",NA
"1798","2","75","9",NA
"1799","1","76","9",NA
"1800","2","76","9",NA
"1801","1","77","9",NA
"1802","2","77","9",NA
"1803","1","78","9",NA
"1804","2","78","9",NA
"1805","1","79","9",NA
"1806","2","79","9",NA
"1807","1","80","9",NA
"1808","2","80","9",NA
"1809","1","81","9",NA
"1810","2","81","9",NA
"1811","1","82","9",NA
"1812","2","82","9",NA
"1813","1","83","9",18
"1814","2","83","9",56
"1815","1","84","9",NA
"1816","2","84","9",NA
"1817","1","85","9",NA
"1818","2","85","9",NA
"1819","1","86","9",NA
"1820","2","86","9",NA
"1821","1","87","9",NA
"1822","2","87","9",NA
"1823","1","88","9",10
"1824","2","88","9",20
"1825","1","89","9",NA
"1826","2","89","9",NA
"1827","1","90","9",4
"1828","2","90","9",8
"1829","1","91","9",0
"1830","2","91","9",2
"1831","1","92","9",NA
"1832","2","92","9",NA
"1833","1","93","9",31
"1834","2","93","9",47
"1835","1","94","9",4
"1836","2","94","9",10
"1837","1","95","9",13
"1838","2","95","9",39
"1839","1","96","9",28
"1840","2","96","9",74
"1841","1","97","9",3
"1842","2","97","9",11
"1843","1","98","9",NA
"1844","2","98","9",NA
"1845","1","99","9",5
"1846","2","99","9",8
"1847","1","100","9",2
"1848","2","100","9",6
"1849","1","101","9",13
"1850","2","101","9",27
"1851","1","102","9",NA
"1852","2","102","9",NA
"1853","1","103","9",NA
"1854","2","103","9",NA
"1855","1","1","10",NA
"1856","2","1","10",NA
"1857","1","2","10",NA
"1858","2","2","10",NA
"1859","1","3","10",NA
"1860","2","3","10",NA
"1861","1","4","10",NA
"1862","2","4","10",NA
"1863","1","5","10",NA
"1864","2","5","10",NA
"1865","1","6","10",NA
"1866","2","6","10",NA
"1867","1","7","10",0
"1868","2","7","10",1
"1869","1","8","10",NA
"1870","2","8","10",NA
"1871","1","9","10",NA
"1872","2","9","10",NA
"1873","1","10","10",NA
"1874","2","10","10",NA
"1875","1","11","10",NA
"1876","2","11","10",NA
"1877","1","12","10",NA
"1878","2","12","10",NA
"1879","1","13","10",NA
"1880","2","13","10",NA
"1881","1","14","10",NA
"1882","2","14","10",NA
"1883","1","15","10",NA
"1884","2","15","10",NA
"1885","1","16","10",NA
"1886","2","16","10",NA
"1887","1","17","10",NA
"1888","2","17","10",NA
"1889","1","18","10",NA
"1890","2","18","10",NA
"1891","1","19","10",NA
"1892","2","19","10",NA
"1893","1","20","10",NA
"1894","2","20","10",NA
"1895","1","21","10",NA
"1896","2","21","10",NA
"1897","1","22","10",NA
"1898","2","22","10",NA
"1899","1","23","10",NA
"1900","2","23","10",NA
"1901","1","24","10",NA
"1902","2","24","10",NA
"1903","1","25","10",NA
"1904","2","25","10",NA
"1905","1","26","10",NA
"1906","2","26","10",NA
"1907","1","27","10",NA
"1908","2","27","10",NA
"1909","1","28","10",NA
"1910","2","28","10",NA
"1911","1","29","10",33
"1912","2","29","10",60
"1913","1","30","10",NA
"1914","2","30","10",NA
"1915","1","31","10",NA
"1916","2","31","10",NA
"1917","1","32","10",NA
"1918","2","32","10",NA
"1919","1","33","10",11
"1920","2","33","10",20
"1921","1","34","10",NA
"1922","2","34","10",NA
"1923","1","35","10",NA
"1924","2","35","10",NA
"1925","1","36","10",NA
"1926","2","36","10",NA
"1927","1","37","10",NA
"1928","2","37","10",NA
"1929","1","38","10",NA
"1930","2","38","10",NA
"1931","1","39","10",NA
"1932","2","39","10",NA
"1933","1","40","10",NA
"1934","2","40","10",NA
"1935","1","41","10",NA
"1936","2","41","10",NA
"1937","1","42","10",NA
"1938","2","42","10",NA
"1939","1","43","10",NA
"1940","2","43","10",NA
"1941","1","44","10",NA
"1942","2","44","10",NA
"1943","1","45","10",NA
"1944","2","45","10",NA
"1945","1","46","10",NA
"1946","2","46","10",NA
"1947","1","47","10",10
"1948","2","47","10",25
"1949","1","48","10",NA
"1950","2","48","10",NA
"1951","1","49","10",NA
"1952","2","49","10",NA
"1953","1","50","10",NA
"1954","2","50","10",NA
"1955","1","51","10",NA
"1956","2","51","10",NA
"1957","1","52","10",2
"1958","2","52","10",5
"1959","1","53","10",0
"1960","2","53","10",4
"1961","1","54","10",NA
"1962","2","54","10",NA
"1963","1","55","10",NA
"1964","2","55","10",NA
"1965","1","56","10",6
"1966","2","56","10",33
"1967","1","57","10",NA
"1968","2","57","10",NA
"1969","1","58","10",1
"1970","2","58","10",10
"1971","1","59","10",NA
"1972","2","59","10",NA
"1973","1","60","10",NA
"1974","2","60","10",NA
"1975","1","61","10",NA
"1976","2","61","10",NA
"1977","1","62","10",NA
"1978","2","62","10",NA
"1979","1","63","10",NA
"1980","2","63","10",NA
"1981","1","64","10",NA
"1982","2","64","10",NA
"1983","1","65","10",NA
"1984","2","65","10",NA
"1985","1","66","10",NA
"1986","2","66","10",NA
"1987","1","67","10",NA
"1988","2","67","10",NA
"1989","1","68","10",NA
"1990","2","68","10",NA
"1991","1","69","10",NA
"1992","2","69","10",NA
"1993","1","70","10",NA
"1994","2","70","10",NA
"1995","1","71","10",NA
"1996","2","71","10",NA
"1997","1","72","10",NA
"1998","2","72","10",NA
"1999","1","73","10",NA
"2000","2","73","10",NA
"2001","1","74","10",NA
"2002","2","74","10",NA
"2003","1","75","10",NA
"2004","2","75","10",NA
"2005","1","76","10",NA
"2006","2","76","10",NA
"2007","1","77","10",NA
"2008","2","77","10",NA
"2009","1","78","10",NA
"2010","2","78","10",NA
"2011","1","79","10",NA
"2012","2","79","10",NA
"2013","1","80","10",NA
"2014","2","80","10",NA
"2015","1","81","10",NA
"2016","2","81","10",NA
"2017","1","82","10",NA
"2018","2","82","10",NA
"2019","1","83","10",13
"2020","2","83","10",30
"2021","1","84","10",NA
"2022","2","84","10",NA
"2023","1","85","10",NA
"2024","2","85","10",NA
"2025","1","86","10",NA
"2026","2","86","10",NA
"2027","1","87","10",NA
"2028","2","87","10",NA
"2029","1","88","10",10
"2030","2","88","10",18
"2031","1","89","10",NA
"2032","2","89","10",NA
"2033","1","90","10",1
"2034","2","90","10",5
"2035","1","91","10",NA
"2036","2","91","10",NA
"2037","1","92","10",7
"2038","2","92","10",15
"2039","1","93","10",2
"2040","2","93","10",4
"2041","1","94","10",1
"2042","2","94","10",4
"2043","1","95","10",0
"2044","2","95","10",3
"2045","1","96","10",3
"2046","2","96","10",10
"2047","1","97","10",NA
"2048","2","97","10",NA
"2049","1","98","10",NA
"2050","2","98","10",NA
"2051","1","99","10",NA
"2052","2","99","10",NA
"2053","1","100","10",NA
"2054","2","100","10",NA
"2055","1","101","10",21
"2056","2","101","10",152
"2057","1","102","10",NA
"2058","2","102","10",NA
"2059","1","103","10",8
"2060","2","103","10",16
"2061","1","1","11",NA
"2062","2","1","11",NA
"2063","1","2","11",NA
"2064","2","2","11",NA
"2065","1","3","11",NA
"2066","2","3","11",NA
"2067","1","4","11",NA
"2068","2","4","11",NA
"2069","1","5","11",NA
"2070","2","5","11",NA
"2071","1","6","11",NA
"2072","2","6","11",NA
"2073","1","7","11",NA
"2074","2","7","11",NA
"2075","1","8","11",NA
"2076","2","8","11",NA
"2077","1","9","11",NA
"2078","2","9","11",NA
"2079","1","10","11",NA
"2080","2","10","11",NA
"2081","1","11","11",NA
"2082","2","11","11",NA
"2083","1","12","11",NA
"2084","2","12","11",NA
"2085","1","13","11",NA
"2086","2","13","11",NA
"2087","1","14","11",NA
"2088","2","14","11",NA
"2089","1","15","11",NA
"2090","2","15","11",NA
"2091","1","16","11",NA
"2092","2","16","11",NA
"2093","1","17","11",NA
"2094","2","17","11",NA
"2095","1","18","11",NA
"2096","2","18","11",NA
"2097","1","19","11",NA
"2098","2","19","11",NA
"2099","1","20","11",NA
"2100","2","20","11",NA
"2101","1","21","11",NA
"2102","2","21","11",NA
"2103","1","22","11",NA
"2104","2","22","11",NA
"2105","1","23","11",NA
"2106","2","23","11",NA
"2107","1","24","11",NA
"2108","2","24","11",NA
"2109","1","25","11",NA
"2110","2","25","11",NA
"2111","1","26","11",NA
"2112","2","26","11",NA
"2113","1","27","11",NA
"2114","2","27","11",NA
"2115","1","28","11",NA
"2116","2","28","11",NA
"2117","1","29","11",NA
"2118","2","29","11",NA
"2119","1","30","11",NA
"2120","2","30","11",NA
"2121","1","31","11",NA
"2122","2","31","11",NA
"2123","1","32","11",NA
"2124","2","32","11",NA
"2125","1","33","11",5
"2126","2","33","11",10
"2127","1","34","11",NA
"2128","2","34","11",NA
"2129","1","35","11",NA
"2130","2","35","11",NA
"2131","1","36","11",NA
"2132","2","36","11",NA
"2133","1","37","11",NA
"2134","2","37","11",NA
"2135","1","38","11",NA
"2136","2","38","11",NA
"2137","1","39","11",NA
"2138","2","39","11",NA
"2139","1","40","11",NA
"2140","2","40","11",NA
"2141","1","41","11",NA
"2142","2","41","11",NA
"2143","1","42","11",NA
"2144","2","42","11",NA
"2145","1","43","11",NA
"2146","2","43","11",NA
"2147","1","44","11",NA
"2148","2","44","11",NA
"2149","1","45","11",NA
"2150","2","45","11",NA
"2151","1","46","11",NA
"2152","2","46","11",NA
"2153","1","47","11",13
"2154","2","47","11",25
"2155","1","48","11",NA
"2156","2","48","11",NA
"2157","1","49","11",NA
"2158","2","49","11",NA
"2159","1","50","11",NA
"2160","2","50","11",NA
"2161","1","51","11",NA
"2162","2","51","11",NA
"2163","1","52","11",NA
"2164","2","52","11",NA
"2165","1","53","11",NA
"2166","2","53","11",NA
"2167","1","54","11",NA
"2168","2","54","11",NA
"2169","1","55","11",NA
"2170","2","55","11",NA
"2171","1","56","11",NA
"2172","2","56","11",NA
"2173","1","57","11",NA
"2174","2","57","11",NA
"2175","1","58","11",NA
"2176","2","58","11",NA
"2177","1","59","11",NA
"2178","2","59","11",NA
"2179","1","60","11",NA
"2180","2","60","11",NA
"2181","1","61","11",NA
"2182","2","61","11",NA
"2183","1","62","11",NA
"2184","2","62","11",NA
"2185","1","63","11",NA
"2186","2","63","11",NA
"2187","1","64","11",NA
"2188","2","64","11",NA
"2189","1","65","11",NA
"2190","2","65","11",NA
"2191","1","66","11",NA
"2192","2","66","11",NA
"2193","1","67","11",NA
"2194","2","67","11",NA
"2195","1","68","11",NA
"2196","2","68","11",NA
"2197","1","69","11",NA
"2198","2","69","11",NA
"2199","1","70","11",NA
"2200","2","70","11",NA
"2201","1","71","11",NA
"2202","2","71","11",NA
"2203","1","72","11",NA
"2204","2","72","11",NA
"2205","1","73","11",NA
"2206","2","73","11",NA
"2207","1","74","11",NA
"2208","2","74","11",NA
"2209","1","75","11",NA
"2210","2","75","11",NA
"2211","1","76","11",NA
"2212","2","76","11",NA
"2213","1","77","11",NA
"2214","2","77","11",NA
"2215","1","78","11",NA
"2216","2","78","11",NA
"2217","1","79","11",NA
"2218","2","79","11",NA
"2219","1","80","11",NA
"2220","2","80","11",NA
"2221","1","81","11",NA
"2222","2","81","11",NA
"2223","1","82","11",NA
"2224","2","82","11",NA
"2225","1","83","11",11
"2226","2","83","11",26
"2227","1","84","11",NA
"2228","2","84","11",NA
"2229","1","85","11",NA
"2230","2","85","11",NA
"2231","1","86","11",NA
"2232","2","86","11",NA
"2233","1","87","11",NA
"2234","2","87","11",NA
"2235","1","88","11",NA
"2236","2","88","11",NA
"2237","1","89","11",NA
"2238","2","89","11",NA
"2239","1","90","11",1
"2240","2","90","11",3
"2241","1","91","11",3
"2242","2","91","11",4
"2243","1","92","11",NA
"2244","2","92","11",NA
"2245","1","93","11",NA
"2246","2","93","11",NA
"2247","1","94","11",NA
"2248","2","94","11",NA
"2249","1","95","11",NA
"2250","2","95","11",NA
"2251","1","96","11",1
"2252","2","96","11",3
"2253","1","97","11",NA
"2254","2","97","11",NA
"2255","1","98","11",NA
"2256","2","98","11",NA
"2257","1","99","11",NA
"2258","2","99","11",NA
"2259","1","100","11",NA
"2260","2","100","11",NA
"2261","1","101","11",NA
"2262","2","101","11",NA
"2263","1","102","11",NA
"2264","2","102","11",NA
"2265","1","103","11",NA
"2266","2","103","11",NA
